"Chromosome","Start_position","Reference_Allele","Tumor_Seq_Allele2","Tumor_Sample_Barcode"
"5","61733126","G","T","TCGA-N5-A4R8-01A-11D-A28R-08"
"19","13049506","G","A","TCGA-N5-A4R8-01A-11D-A28R-08"
"1","4772258","G","A","TCGA-N5-A4R8-01A-11D-A28R-08"
"8","10480144","G","C","TCGA-N5-A4R8-01A-11D-A28R-08"
"20","60913126","C","A","TCGA-N5-A4R8-01A-11D-A28R-08"
"6","28227369","C","T","TCGA-N5-A4R8-01A-11D-A28R-08"
"1","67148015","C","T","TCGA-N5-A4R8-01A-11D-A28R-08"
"13","72204835","C","G","TCGA-N5-A4R8-01A-11D-A28R-08"
"X","70148385","C","T","TCGA-N5-A4R8-01A-11D-A28R-08"
"8","2021507","C","T","TCGA-N5-A4R8-01A-11D-A28R-08"
"10","48968566","A","G","TCGA-N5-A4R8-01A-11D-A28R-08"
"17","7671536","A","G","TCGA-N5-A4R8-01A-11D-A28R-08"
"6","31669903","G","C","TCGA-N5-A4R8-01A-11D-A28R-08"
"1","22161313","C","T","TCGA-N5-A4R8-01A-11D-A28R-08"
"14","76091051","G","A","TCGA-N5-A4R8-01A-11D-A28R-08"
"9","14307309","G","A","TCGA-N5-A4R8-01A-11D-A28R-08"
"16","15978005","C","T","TCGA-N5-A4R8-01A-11D-A28R-08"
"17","80141803","C","T","TCGA-N5-A4R8-01A-11D-A28R-08"
"16","21261508","C","A","TCGA-N5-A4R8-01A-11D-A28R-08"
"4","111436563","T","C","TCGA-N5-A4R8-01A-11D-A28R-08"
"1","142713773","C","G","TCGA-N5-A4R8-01A-11D-A28R-08"
"6","144093533","C","T","TCGA-N5-A4R8-01A-11D-A28R-08"
"6","146243850","A","G","TCGA-N5-A4R8-01A-11D-A28R-08"
"X","51076024","G","A","TCGA-N5-A4R8-01A-11D-A28R-08"
"2","227661386","G","T","TCGA-N5-A4R8-01A-11D-A28R-08"
"6","31701648","A","C","TCGA-N5-A4R8-01A-11D-A28R-08"
"17","40990780","G","C","TCGA-N5-A4R8-01A-11D-A28R-08"
"7","99631178","G","C","TCGA-N5-A4R8-01A-11D-A28R-08"
"6","121768821","T","C","TCGA-N5-A4R8-01A-11D-A28R-08"
"21","14414902","G","A","TCGA-N5-A4R8-01A-11D-A28R-08"
"1","142713774","A","G","TCGA-N5-A4R8-01A-11D-A28R-08"
"16","48395912","G","A","TCGA-N5-A4R8-01A-11D-A28R-08"
"12","98987870","C","G","TCGA-N5-A4R8-01A-11D-A28R-08"
"17","7578291","T","G","TCGA-N5-A4R8-01A-11D-A28R-08"
"6","29977342","A","T","TCGA-N5-A4R8-01A-11D-A28R-08"
"12","9760429","G","T","TCGA-N5-A4R8-01A-11D-A28R-08"
"16","84801887","C","T","TCGA-N5-A4R8-01A-11D-A28R-08"
"4","177190223","G","T","TCGA-N5-A4R8-01A-11D-A28R-08"
"11","62293798","C","A","TCGA-N5-A4R8-01A-11D-A28R-08"
"1","41984100","C","G","TCGA-N5-A4R8-01A-11D-A28R-08"
"2","179597447","T","G","TCGA-N5-A4R8-01A-11D-A28R-08"
"16","1271916","G","A","TCGA-N5-A4R8-01A-11D-A28R-08"
"3","178936091","G","A","TCGA-N5-A4R8-01A-11D-A28R-08"
"X","48929638","G","A","TCGA-N5-A4R8-01A-11D-A28R-08"
"X","65418862","G","A","TCGA-N5-A4R8-01A-11D-A28R-08"
"15","102292785","C","G","TCGA-N5-A4R8-01A-11D-A28R-08"
"10","38654432","A","G","TCGA-N5-A4R8-01A-11D-A28R-08"
"1","1650844","C","T","TCGA-N5-A4R8-01A-11D-A28R-08"
"8","144681482","C","T","TCGA-N5-A4R8-01A-11D-A28R-08"
"X","100278581","A","G","TCGA-N5-A4R8-01A-11D-A28R-08"
"17","7611523","C","G","TCGA-N5-A4R8-01A-11D-A28R-08"
"11","67164804","G","C","TCGA-N5-A4R8-01A-11D-A28R-08"
"2","141625828","G","A","TCGA-N5-A4R8-01A-11D-A28R-08"
"1","35476601","C","T","TCGA-N5-A4R8-01A-11D-A28R-08"
"3","183995214","C","T","TCGA-N5-A4R8-01A-11D-A28R-08"
"5","140250487","C","T","TCGA-N5-A4R8-01A-11D-A28R-08"
"19","22785247","C","T","TCGA-N5-A4R8-01A-11D-A28R-08"
"10","115402734","G","A","TCGA-N5-A4R8-01A-11D-A28R-08"
"1","154987608","C","T","TCGA-N5-A4R8-01A-11D-A28R-08"
"6","13977863","G","T","TCGA-N5-A4R8-01A-11D-A28R-08"
"7","141736712","C","T","TCGA-N5-A4R8-01A-11D-A28R-08"
"4","145580958","G","T","TCGA-N5-A4R8-01A-11D-A28R-08"
"12","4737296","C","A","TCGA-N5-A4R8-01A-11D-A28R-08"
"X","105153215","G","A","TCGA-N5-A4R8-01A-11D-A28R-08"
"17","39165215","G","T","TCGA-N5-A4R8-01A-11D-A28R-08"
"16","4944606","C","T","TCGA-N5-A4R8-01A-11D-A28R-08"
"1","43021941","A","C","TCGA-N5-A4R8-01A-11D-A28R-08"
"2","24438918","C","T","TCGA-N5-A4RA-01A-11D-A28R-08"
"14","65253730","G","A","TCGA-N5-A4RA-01A-11D-A28R-08"
"6","45390482","C","G","TCGA-N5-A4RA-01A-11D-A28R-08"
"15","97326808","A","T","TCGA-N5-A4RA-01A-11D-A28R-08"
"11","65380919","A","C","TCGA-N5-A4RA-01A-11D-A28R-08"
"14","58795010","T","G","TCGA-N5-A4RA-01A-11D-A28R-08"
"7","106508394","C","T","TCGA-N5-A4RA-01A-11D-A28R-08"
"3","121825307","A","C","TCGA-N5-A4RA-01A-11D-A28R-08"
"12","52865910","C","T","TCGA-N5-A4RA-01A-11D-A28R-08"
"3","127358250","G","T","TCGA-N5-A4RA-01A-11D-A28R-08"
"11","4944753","C","T","TCGA-N5-A4RA-01A-11D-A28R-08"
"6","138584324","G","T","TCGA-N5-A4RA-01A-11D-A28R-08"
"15","101098883","G","A","TCGA-N5-A4RA-01A-11D-A28R-08"
"1","16342195","G","A","TCGA-N5-A4RA-01A-11D-A28R-08"
"18","14543050","G","A","TCGA-N5-A4RA-01A-11D-A28R-08"
"18","54385303","A","G","TCGA-N5-A4RA-01A-11D-A28R-08"
"2","176964703","C","T","TCGA-N5-A4RA-01A-11D-A28R-08"
"22","19709220","C","T","TCGA-N5-A4RA-01A-11D-A28R-08"
"17","61959155","C","T","TCGA-N5-A4RA-01A-11D-A28R-08"
"3","124418865","C","T","TCGA-N5-A4RA-01A-11D-A28R-08"
"21","45844759","C","T","TCGA-N5-A4RA-01A-11D-A28R-08"
"15","42109861","C","T","TCGA-N5-A4RA-01A-11D-A28R-08"
"8","125711778","G","T","TCGA-N5-A4RA-01A-11D-A28R-08"
"19","24309473","C","T","TCGA-N5-A4RA-01A-11D-A28R-08"
"9","20862655","C","T","TCGA-N5-A4RA-01A-11D-A28R-08"
"1","216595499","G","A","TCGA-N5-A4RA-01A-11D-A28R-08"
"2","166908389","C","T","TCGA-N5-A4RA-01A-11D-A28R-08"
"5","54619970","C","A","TCGA-N5-A4RA-01A-11D-A28R-08"
"X","229480","G","A","TCGA-N5-A4RA-01A-11D-A28R-08"
"2","132912341","C","T","TCGA-N5-A4RA-01A-11D-A28R-08"
"20","57766724","G","T","TCGA-N5-A4RA-01A-11D-A28R-08"
"12","11036812","A","G","TCGA-N5-A4RA-01A-11D-A28R-08"
"19","22785204","C","A","TCGA-N5-A4RA-01A-11D-A28R-08"
